panel_size_class,count,pct
<100,217899,3.009651370550972
100,2294807,31.696194258348886
101 - 199,1072931,14.819472575168424
200,2818191,38.92524704392592
>200,836180,11.5494347520058
