panel_size_class,count,pct
100,3997217,55.20994316184557
101 - 199,1294448,17.87903946820117
200,195830,2.7048226727206
<100,1459253,20.155341876298596
>200,291512,4.026391599704477
