panel_size_class,count,pct,TotalNoOfUnits,pct_units
150,3401,1.8237000573760382,132661.0,8.084550130414646
60,95873,51.40946651008906,774439.0,47.195414767325644
61 - 89,0,0.0,0.0,0.0
90,29442,15.787526342036259,385411.0,23.487494819979034
91 - 149,0,0.0,0.0,0.0
<60,57516,30.841497353731317,348022.0,21.20895595153938
>150,0,0.0,0.0,0.0
