panel_size_class,dac,count,pct
150,No,2180,1.823337041342913
150,Yes,1221,1.824348553669615
60,No,63358,52.99219645202031
60,Yes,32515,48.582058331341145
61 - 89,No,0,0.0
61 - 89,Yes,0,0.0
90,No,17852,14.931290303694347
90,Yes,11590,17.31711690174516
91 - 149,No,0,0.0
91 - 149,Yes,0,0.0
<60,No,35992,30.103461831199134
<60,Yes,21524,32.15993306239541
>150,No,0,0.0
>150,Yes,0,0.0
