panel_size_class,count,pct,TotalNoOfUnits,pct_units
150,27672,5.4653723472541795,288803.0,12.860684343392737
60,297023,58.663677750017285,1091241.0,48.59404522656701
61 - 89,0,0.0,0.0,0.0
90,123249,24.342356043174703,629718.0,28.041967788951595
91 - 149,0,0.0,0.0,0.0
<60,52989,10.465619229136012,158489.0,7.057672534218728
>150,5382,1.062974630417823,77376.0,3.4456301068699298
