panel_size_class,dac,count,pct
150,No,8882,7.4288438537650245
150,Yes,4979,7.439337795840306
60,No,59584,49.83564874833767
60,Yes,32600,48.709060482907006
61 - 89,No,0,0.0
61 - 89,Yes,0,0.0
90,No,44425,37.156765165898584
90,Yes,24446,36.52581879034186
91 - 149,No,0,0.0
91 - 149,Yes,0,0.0
<60,No,5643,4.719766479035806
<60,Yes,3839,5.736014821898159
>150,No,1027,0.8589757529629227
>150,Yes,1064,1.5897681090126705
