panel_size_class,count,pct
100,2294808,31.696107378545758
101 - 199,1072931,14.819425496935027
200,2818201,38.92526150785818
<100,217899,3.009641809544738
>200,836192,11.549563807116295
