panel_size_class,count,pct
100,2295933,31.711645986046193
101 - 199,1073943,14.833403337637643
200,2817542,38.91615933688682
<100,217420,3.0030258157734404
>200,835193,11.535765523655908
