panel_size_class,dac,count,pct
100,No,1747257,30.180945030739615
100,Yes,547551,37.74238174638241
101 - 199,No,941750,16.267157597708312
101 - 199,Yes,131181,9.042232376294065
200,No,2263062,39.090614502134294
200,Yes,555139,38.265418308623275
<100,No,106658,1.84233872583634
<100,Yes,111241,7.667779417532477
>200,No,730545,12.618944143581437
>200,Yes,105647,7.282188151167768
